Point_ID,Latitude,Longitude,Elevation_m,Accuracy_mm,Surveyor_Notes
GNSS-101,25.0004784,82.5004637,245.12,4.5,Verified Boundary Marker
GNSS-102,25.0014762,82.5004824,245.12,4.5,Verified Boundary Marker
GNSS-103,25.0024723,82.5004695,245.12,4.5,Verified Boundary Marker
GNSS-104,25.0034798,82.5004720,245.12,4.5,Verified Boundary Marker
GNSS-105,25.0044740,82.5004829,245.12,4.5,Verified Boundary Marker
GNSS-106,25.0054753,82.5004807,245.12,4.5,Verified Boundary Marker
GNSS-107,25.0064786,82.5004747,245.12,4.5,Verified Boundary Marker
GNSS-108,25.0074776,82.5004664,245.12,4.5,Verified Boundary Marker
GNSS-109,25.0084869,82.5004706,245.12,4.5,Verified Boundary Marker
GNSS-110,25.0094809,82.5004767,245.12,4.5,Verified Boundary Marker
GNSS-111,25.0004675,82.5014848,245.12,4.5,Verified Boundary Marker
GNSS-112,25.0014745,82.5014844,245.12,4.5,Verified Boundary Marker
GNSS-113,25.0024678,82.5014711,245.12,4.5,Verified Boundary Marker
GNSS-114,25.0034855,82.5014660,245.12,4.5,Verified Boundary Marker
GNSS-115,25.0044739,82.5014703,245.12,4.5,Verified Boundary Marker
GNSS-116,25.0054738,82.5014718,245.12,4.5,Verified Boundary Marker
GNSS-117,25.0064612,82.5014907,245.12,4.5,Verified Boundary Marker
GNSS-118,25.0074809,82.5014755,245.12,4.5,Verified Boundary Marker
GNSS-119,25.0084694,82.5014853,245.12,4.5,Verified Boundary Marker
GNSS-120,25.0094751,82.5014664,245.12,4.5,Verified Boundary Marker
GNSS-121,25.0004881,82.5024646,245.12,4.5,Verified Boundary Marker
GNSS-122,25.0014808,82.5024703,245.12,4.5,Verified Boundary Marker
GNSS-123,25.0024615,82.5024833,245.12,4.5,Verified Boundary Marker
GNSS-124,25.0034865,82.5024725,245.12,4.5,Verified Boundary Marker
GNSS-125,25.0044788,82.5024750,245.12,4.5,Verified Boundary Marker
GNSS-126,25.0054797,82.5024749,245.12,4.5,Verified Boundary Marker
GNSS-127,25.0064730,82.5024830,245.12,4.5,Verified Boundary Marker
GNSS-128,25.0074791,82.5024835,245.12,4.5,Verified Boundary Marker
GNSS-129,25.0084782,82.5024725,245.12,4.5,Verified Boundary Marker
GNSS-130,25.0094685,82.5024885,245.12,4.5,Verified Boundary Marker
GNSS-131,25.0004870,82.5034684,245.12,4.5,Verified Boundary Marker
GNSS-132,25.0014718,82.5034675,245.12,4.5,Verified Boundary Marker
GNSS-133,25.0024792,82.5034760,245.12,4.5,Verified Boundary Marker
GNSS-134,25.0034869,82.5034719,245.12,4.5,Verified Boundary Marker
GNSS-135,25.0044689,82.5034688,245.12,4.5,Verified Boundary Marker
GNSS-136,25.0054776,82.5034691,245.12,4.5,Verified Boundary Marker
GNSS-137,25.0064773,82.5034750,245.12,4.5,Verified Boundary Marker
GNSS-138,25.0074803,82.5034813,245.12,4.5,Verified Boundary Marker
GNSS-139,25.0084856,82.5034725,245.12,4.5,Verified Boundary Marker
GNSS-140,25.0094650,82.5034751,245.12,4.5,Verified Boundary Marker
GNSS-141,25.0004831,82.5044710,245.12,4.5,Verified Boundary Marker
GNSS-142,25.0014738,82.5044856,245.12,4.5,Verified Boundary Marker
GNSS-143,25.0024861,82.5044709,245.12,4.5,Verified Boundary Marker
GNSS-144,25.0034785,82.5044659,245.12,4.5,Verified Boundary Marker
GNSS-145,25.0044619,82.5044881,245.12,4.5,Verified Boundary Marker
GNSS-146,25.0054734,82.5044823,245.12,4.5,Verified Boundary Marker
GNSS-147,25.0064840,82.5044714,245.12,4.5,Verified Boundary Marker
GNSS-148,25.0074685,82.5044685,245.12,4.5,Verified Boundary Marker
GNSS-149,25.0084898,82.5044628,245.12,4.5,Verified Boundary Marker
GNSS-150,25.0094758,82.5044795,245.12,4.5,Verified Boundary Marker
GNSS-151,25.0004715,82.5054845,245.12,4.5,Verified Boundary Marker
GNSS-152,25.0014832,82.5054635,245.12,4.5,Verified Boundary Marker
GNSS-153,25.0024775,82.5054632,245.12,4.5,Verified Boundary Marker
GNSS-154,25.0034838,82.5054757,245.12,4.5,Verified Boundary Marker
GNSS-155,25.0044793,82.5054831,245.12,4.5,Verified Boundary Marker
GNSS-156,25.0054767,82.5054782,245.12,4.5,Verified Boundary Marker
GNSS-157,25.0064757,82.5054742,245.12,4.5,Verified Boundary Marker
GNSS-158,25.0074684,82.5054669,245.12,4.5,Verified Boundary Marker
GNSS-159,25.0084667,82.5054844,245.12,4.5,Verified Boundary Marker
GNSS-160,25.0094754,82.5054732,245.12,4.5,Verified Boundary Marker
GNSS-161,25.0004758,82.5064745,245.12,4.5,Verified Boundary Marker
GNSS-162,25.0014739,82.5064796,245.12,4.5,Verified Boundary Marker
GNSS-163,25.0024729,82.5064767,245.12,4.5,Verified Boundary Marker
GNSS-164,25.0034720,82.5064793,245.12,4.5,Verified Boundary Marker
GNSS-165,25.0044847,82.5064741,245.12,4.5,Verified Boundary Marker
GNSS-166,25.0054724,82.5064865,245.12,4.5,Verified Boundary Marker
GNSS-167,25.0064688,82.5064802,245.12,4.5,Verified Boundary Marker
GNSS-168,25.0074830,82.5064743,245.12,4.5,Verified Boundary Marker
GNSS-169,25.0084727,82.5064693,245.12,4.5,Verified Boundary Marker
GNSS-170,25.0094670,82.5064805,245.12,4.5,Verified Boundary Marker
GNSS-171,25.0004802,82.5074767,245.12,4.5,Verified Boundary Marker
GNSS-172,25.0014811,82.5074645,245.12,4.5,Verified Boundary Marker
GNSS-173,25.0024795,82.5074674,245.12,4.5,Verified Boundary Marker
GNSS-174,25.0034827,82.5074668,245.12,4.5,Verified Boundary Marker
GNSS-175,25.0044773,82.5074846,245.12,4.5,Verified Boundary Marker
GNSS-176,25.0054790,82.5074840,245.12,4.5,Verified Boundary Marker
GNSS-177,25.0064722,82.5074830,245.12,4.5,Verified Boundary Marker
GNSS-178,25.0074781,82.5074676,245.12,4.5,Verified Boundary Marker
GNSS-179,25.0084791,82.5074770,245.12,4.5,Verified Boundary Marker
GNSS-180,25.0094821,82.5074726,245.12,4.5,Verified Boundary Marker
GNSS-181,25.0004827,82.5084835,245.12,4.5,Verified Boundary Marker
GNSS-182,25.0014753,82.5084717,245.12,4.5,Verified Boundary Marker
GNSS-183,25.0024827,82.5084652,245.12,4.5,Verified Boundary Marker
GNSS-184,25.0034741,82.5084695,245.12,4.5,Verified Boundary Marker
GNSS-185,25.0044698,82.5084767,245.12,4.5,Verified Boundary Marker
GNSS-186,25.0054862,82.5084714,245.12,4.5,Verified Boundary Marker
GNSS-187,25.0064780,82.5084750,245.12,4.5,Verified Boundary Marker
GNSS-188,25.0074671,82.5084880,245.12,4.5,Verified Boundary Marker
GNSS-189,25.0084757,82.5084795,245.12,4.5,Verified Boundary Marker
GNSS-190,25.0094832,82.5084771,245.12,4.5,Verified Boundary Marker
GNSS-191,25.0004798,82.5094674,245.12,4.5,Verified Boundary Marker
GNSS-192,25.0014873,82.5094643,245.12,4.5,Verified Boundary Marker
GNSS-193,25.0024864,82.5094607,245.12,4.5,Verified Boundary Marker
GNSS-194,25.0034626,82.5094799,245.12,4.5,Verified Boundary Marker
GNSS-195,25.0044810,82.5094682,245.12,4.5,Verified Boundary Marker
GNSS-196,25.0054637,82.5094806,245.12,4.5,Verified Boundary Marker
GNSS-197,25.0064810,82.5094712,245.12,4.5,Verified Boundary Marker
GNSS-198,25.0074788,82.5094770,245.12,4.5,Verified Boundary Marker
GNSS-199,25.0084703,82.5094693,245.12,4.5,Verified Boundary Marker
GNSS-200,25.0094738,82.5094784,245.12,4.5,Verified Boundary Marker
